{
    "area": 934951.2333333333,
    "perimeter": 5394.428040417036,
    "circularity": 0.5456192036136163,
    "red": 134.56140792608673,
    "green": 106.13118410045355,
    "blue": 68.83725425850922,
    "aspect_ratio": 0.9947007404275694,
    "hu_moments": [
        0.18746351864448837,
        0.009040372717698671,
        0.0002360441202346899,
        4.014441884678121e-05,
        2.2769711235658742e-08,
        2.103230224878328e-06,
        -2.742250720352752e-08
    ]
}