{
    "area": 1081199.394736842,
    "perimeter": 7949.0532407321425,
    "circularity": 0.23090680438714029,
    "red": 139.45740560025777,
    "green": 76.41410629553789,
    "blue": 40.93552634468885,
    "aspect_ratio": 0.7173437227175056,
    "hu_moments": [
        0.4715636497107056,
        0.1977371997722045,
        0.01148655449635185,
        0.00795126852174905,
        9.964357542701295e-05,
        0.003754672349849383,
        7.670607492026691e-07
    ]
}