{
    "area": 1936636.2692307692,
    "perimeter": 7269.908976802459,
    "circularity": 0.4255546305670333,
    "red": 43.813839039220895,
    "green": 36.187102926106725,
    "blue": 38.520802059196576,
    "aspect_ratio": 1.0226078582332332,
    "hu_moments": [
        0.21877228203060206,
        0.02057666651191039,
        0.0008400648258814968,
        0.00016676533654803188,
        6.191292667337534e-08,
        1.6209703270677025e-05,
        1.9099070740568953e-08
    ]
}