{
    "area": 2650077.934782609,
    "perimeter": 8847.31018131194,
    "circularity": 0.41126972385448446,
    "red": 119.15150940106341,
    "green": 73.05154487740951,
    "blue": 76.72957734877677,
    "aspect_ratio": 0.6777111478078643,
    "hu_moments": [
        0.2524373641344006,
        0.038068183019726046,
        0.00013541263204731806,
        3.769200270228299e-05,
        2.5463622338866525e-09,
        5.448814856260395e-06,
        4.644056704845471e-10
    ]
}